-- --------------------------------------------------------
-- Host:                         127.0.0.1
-- Server Version:               5.6.26 - MySQL Community Server (GPL)
-- Server Betriebssystem:        Win64
-- HeidiSQL Version:             9.3.0.4984
-- --------------------------------------------------------

/*!40101 SET @OLD_CHARACTER_SET_CLIENT=@@CHARACTER_SET_CLIENT */;
/*!40101 SET NAMES utf8mb4 */;
/*!40014 SET @OLD_FOREIGN_KEY_CHECKS=@@FOREIGN_KEY_CHECKS, FOREIGN_KEY_CHECKS=0 */;
/*!40101 SET @OLD_SQL_MODE=@@SQL_MODE, SQL_MODE='NO_AUTO_VALUE_ON_ZERO' */;

-- Exportiere Datenbank Struktur für vsoteamroom
DROP DATABASE IF EXISTS `vsoteamroom`;
CREATE DATABASE IF NOT EXISTS `vsoteamroom` /*!40100 DEFAULT CHARACTER SET utf8 */;
USE `vsoteamroom`;


-- Exportiere Struktur von Tabelle vsoteamroom.artifact
DROP TABLE IF EXISTS `artifact`;
CREATE TABLE IF NOT EXISTS `artifact` (
  `id` bigint(20) NOT NULL AUTO_INCREMENT,
  `business_key` varchar(255) DEFAULT NULL,
  `comment` varchar(255) DEFAULT NULL,
  `data` longblob,
  `title` varchar(255) DEFAULT NULL,
  `version` int(11) NOT NULL,
  `comment_attachment_id` bigint(20) DEFAULT NULL,
  `folder_id` bigint(20) DEFAULT NULL,
  `task_id` bigint(20) DEFAULT NULL,
  PRIMARY KEY (`id`),
  UNIQUE KEY `UK_bt93fgpiq0fhdmcysmaccc853` (`business_key`),
  KEY `FK8lg7l7ehuhtlbhn3al2cpxvdr` (`comment_attachment_id`),
  KEY `FKl1ls570icl0pc0tg1aslw8jow` (`folder_id`),
  KEY `FKimd7smhuoieppwfwxiw18ajk9` (`task_id`),
  CONSTRAINT `FK8lg7l7ehuhtlbhn3al2cpxvdr` FOREIGN KEY (`comment_attachment_id`) REFERENCES `comment` (`id`),
  CONSTRAINT `FKimd7smhuoieppwfwxiw18ajk9` FOREIGN KEY (`task_id`) REFERENCES `task` (`id`),
  CONSTRAINT `FKl1ls570icl0pc0tg1aslw8jow` FOREIGN KEY (`folder_id`) REFERENCES `folder` (`id`)
) ENGINE=InnoDB AUTO_INCREMENT=3 DEFAULT CHARSET=utf8;

-- Exportiere Daten aus Tabelle vsoteamroom.artifact: ~1 rows (ungefähr)
/*!40000 ALTER TABLE `artifact` DISABLE KEYS */;
INSERT INTO `artifact` (`id`, `business_key`, `comment`, `data`, `title`, `version`, `comment_attachment_id`, `folder_id`, `task_id`) VALUES
	(1, 'TestDocument_id1_13062017', 'Kommentar zum Dokument', _binary 0x504B03041400060008000000210009248782810100008E050000130008025B436F6E74656E745F54797065735D2E786D6C20A2040228A000020000000000000000000000000000000000000000000000000000000000000000000000000000000000000000000000000000000000000000000000000000000000000000000000000000000000000000000000000000000000000000000000000000000000000000000000000000000000000000000000000000000000000000000000000000000000000000000000000000000000000000000000000000000000000000000000000000000000000000000000000000000000000000000000000000000000000000000000000000000000000000000000000000000000000000000000000000000000000000000000000000000000000000000000000000000000000000000000000000000000000000000000000000000000000000000000000000000000000000000000000000000000000000000000000000000000000000000000000000000000000000000000000000000000000000000000000000000000000000000000000000000000000000000000000000000000000000000000000000000000000000000000000000000000000000000000000000000000000000000000000000000000000000000000000000000000000000000000000000000000000000000000000000000000000000000000000000000000000000000000000000000000000000000000000000000000000000000000000000000000000000B4944D4F83401086EF26FE07B25703DB7A30C694F6A0F5A84DACF1BC2E43D9C87E6467FBF5EF1D4A4BAAA1A55ABD90C032EFFBCC0B3383D14A97D1023C2A6B52D64F7A2C02236DA6CC2C65AFD3C7F896451884C944690DA46C0DC846C3CB8BC174ED0023AA3698B2220477C739CA02B4C0C43A3074925BAF45A05B3FE34EC80F31037EDDEBDD70694D0013E25069B0E1E00172312F43345ED1E39AC443892CBAAF5FACBC52269C2B95148148F9C264DF5CE2AD4342959B77B0500EAF0883F15687EAE4B0C1B6EE99A2F12A8368227C78129A30F8D2FA8C6756CE35F5901C9769E1B479AE2434F5959AF356022265AECBA439D142991DFF410E0CEB12F0EF296ADD13EDDF5428C6790E923E76771E1AE3AAE9A4B6D8ABED76831028A4534CBEFE827157E8B855EE4458C2FBCBBF51EC897782E4341A53F15EC20989FF308C46BA1322D0BC03DF5CFB67736C648E59D2644CBC7548FBC3FFA2EDDD82A8AA631A39073E28685644DB88358EB47BCEEE0FAAED9641D6E2CD37DB74F8090000FFFF0300504B0304140006000800000021001E911AB7F30000004E0200000B0008025F72656C732F2E72656C7320A2040228A0000200000000000000000000000000000000000000000000000000000000000000000000000000000000000000000000000000000000000000000000000000000000000000000000000000000000000000000000000000000000000000000000000000000000000000000000000000000000000000000000000000000000000000000000000000000000000000000000000000000000000000000000000000000000000000000000000000000000000000000000000000000000000000000000000000000000000000000000000000000000000000000000000000000000000000000000000000000000000000000000000000000000000000000000000000000000000000000000000000000000000000000000000000000000000000000000000000000000000000000000000000000000000000000000000000000000000000000000000000000000000000000000000000000000000000000000000000000000000000000000000000000000000000000000000000000000000000000000000000000000000000000000000000000000000000000000000000000000000000000000000000000000000000000000000000000000000000000000000000000000000000000000000000000000000000000000000000000000000000000000000000000000000000000000000000000000000000000000000000000000000000008C92DB4A03410C86EF05DF61C87D37DB0A22D2D9DE48A17722EB038499EC01770ECCA4DABEBDA320BA50DB5EE6F4E7CB4FD69B839BD43BA73C06AF6159D5A0D89B6047DF6B786DB78B075059C85B9A82670D47CEB0696E6FD62F3C9194A13C8C31ABA2E2B38641243E226633B0A35C85C8BE54BA901C4909538F91CC1BF58CABBABEC7F457039A99A6DA590D6967EF40B5C758365FD60E5D371A7E0A66EFD8CB8915C807616FD92E622A6C49C6728D6A29F52C1A6C30CF259D9162AC0A36E069A2D5F544FF5F8B8E852C09A10989CFF37C759C035A5E0F74D9A279C7AF3B1F21592C167D7BFB4383B32F683E010000FFFF0300504B0304140006000800000021007C3B973922010000B90300001C000801776F72642F5F72656C732F646F63756D656E742E786D6C2E72656C7320A2040128A0000100000000000000000000000000000000000000000000000000000000000000000000000000000000000000000000000000000000000000000000000000000000000000000000000000000000000000000000000000000000000000000000000000000000000000000000000000000000000000000000000000000000000000000000000000000000000000000000000000000000000000000000000000000000000000000000000000000000000000000000000000000000000000000000000000000000000000000000000000000000000000000000000000000000000000000000000000000000000000000000000000000000000000000000000000000000AC934D4F84301086EF26FE07D2BB14565D8DD9B21735D9ABAEF1DC2D5368849674C60FFEBD15B30ACAA2072E4D669ABECFD349BB5ABFD555F4021E8DB382A571C222B0CAE5C616823D6C6F4F2E5984246D2E2B6741B01690ADB3E3A3D51D5492C2212C4D835148B1285849D45C718EAA845A62EC1AB061473B5F4B0AA52F7823D5932C802F9264C97D3F836583CC68930BE637F9298BB66D13C87F673BAD8D826BA79E6BB03482E00844E1661832A52F8004DB77E2E0C9F8B8C2E280426D9477E834C5CAD5FC93FE41BD185E8C23B515E0A3A1F2466B50D4C7FFDC9AF2480F788C8CF91FA3E8C8BD4174F5147E39279EC20B816F7A57F26E4DA71CCEE774D0CED256EEAA9EC7576B4AE26C4E8957D8DDFF7A95BDE65E840F3E5CF60E0000FFFF0300504B03041400060008000000210071E2B08A1E050000A131000011000000776F72642F646F63756D656E742E786D6CEC5B4B6FE33610BE17E87F1074690A3491642B7E21F66237AFDD43DB2049DB4B002F2DD13611491448DA6A82FCF8CE90929F59D9BB7B58A3A1058BE670341C52E4A7A1F8F9ECDDBF69E2CCA9908C677D3738F15D8766118F5936E9BB7FDD5F1D775C472A92C524E119EDBB4F54BAEF063FFF7456F4621ECD529A29074C64B257E451DF9D2A95F73C4F46539A127992B24870C9C7EA24E2A9C7C7631651AFE022F61A7EE0EB5FB9E0119512EA3B27D99C48B734976E5BE339CDA0AE31172951F2848B899712F138CB8FC17A4E141BB184A927B0EDB72A33BCEFCE44D62B1D3A5E388497F48C4365525D21B65AF14ABDE6CA8BB207748D9EA009F8C0333965F9B219DF6A0D9A38AD5C9AD735629E26955E9107E1567D8B26EF730F2E0429E0562C0D6E997BA5336273519A987EC0FBBBBCAB9B1603BFAE31E51D41130B1FF67161BDCECA9394B06C61E6DBBA66B57361467CCFF8BE167C962FDCC9D9F759FB943D2E6CE1C4FC0ACFFC969E79AB4D935F65606BEADE4D494E5D278D7A9F2619176494804745103A3822DD0180C588C74F98E64ED103B0896FFBAEEF7FB86AB53A0DB712DDC0D4DB125ED03199256ABBE46645A42DDF084C1419C93205BB7392F4DD848E1556927368663768B95E9D42D06936EA351AEDB053AFD16CB5C27A8DF0B4E3D76B9C86DD1D9EB6C26087A7ED666387A79D46B8C353E8B01D9E06BEDFDEE16AE077BB3B7C0D82AEBFC3D9A001EED6F75AD06C87BBDC0D5BA7DA5D6F395A644E22C03D182464AC288E431C3009C399D5008365E67686039BCC14375E0833E6C415CF94C48B65C4605E9FC3438027F82C2B7A9448F55E32D277EF594AA5F3072D9C5B9E1200A6A2377D9FC90DFD08C6E8399F094605EA9A7A229E7001FA7A3837C246B771690AE47325AD86B57C3E474FB466254B886EDAD295981E5F680BD005BA0D90E6655BE0623D41D766234E98FF4D63E1B60F3E52F19CB068EAFCC392E491A710C83823CA9CBFEFFE3C3EC38131C0B346147896F1F1A5C0FE574F39DC7F99D324B95344A87214BC8D2EBBA72485AE48F7EA9ECB2CC6CEC1718563C7C2BE79FA58D8DF7C1E5BD8D78F891F0BFB769AAE0789769ADA697A80D1999DA6769A9A901356B95590BFB6BAB54FD303789AC2BAE14DAC08F04D6D0F57CEB026CA059554CCA93B708643477F86E6E380C088160253BED7796DB161F1CFE29FC53FFB1269FD0DDB8F593AC1CBA02FE0DF83F380D0E6C18188F782098A5E340A82602FE02B952CFE9977FAAF463B769966976907B84C7BE3F11F601DA01DC2DF11067E2F70989349508688A80F38E9AC16E0AFCDBCC53F8B7F80FD7AEBD66E22DA4DC483D931FD72FCE7200022FC3D20B63D6CE01F4483583AFC0C98F8CBD0F98C59FC35D40518339ABC29712CFE59FCB3F8B7642E5812C5813046EAF0CFC47F18CA0D7FC5D00FD7BC7AD5AB1384BA232DC1ECF238D2CAE6BC905AFCB3F867F1CFE2DFC131E66AF10F233C843DF8783A0C84043F2FC3170C0AF1F4DB103228C02F9CB59A51F6564A76E35F18F8C139B0F4E1AD03F26AD7687B957085445BAA6B5256C9F833C93E5442D880D9A00B8E387F4412BEA6C341752C2EB9931949615B6878CD3F90E8D1BCB4AF74811BB6D05CE188491AA99BC5CE19B27BEB9AA61B30B943FE63017F5C00F22870FEE16510FC6E759A2591349FFC4ED0A2E239C8C3A0ADBB894DA6C027AEB223AE144FD14433C462DC4F5D964E2989910FDA066E2A148E39D7F4D0323B99A9922DAA29C540D344EE65B925863A5A0C7F94B8160CDB8C84D21BA622F0B26958B5D0A3A6DD9A2B6758D220ABFE5B31F80F0000FFFF0300504B03041400060008000000210060FFBFF5A4060000A21B000015000000776F72642F7468656D652F7468656D65312E786D6CEC594F6F1B4514BF23F11D467B6F6327761A4775AAD8B11B6852A2D82DEA71BC3BDE9D66766735334EEA1B6A8F484888823850891B0704546A252EE5D3048AA048FD0ABC99D95DEFC46B92B411ADA039B4F6EC6FDEFFF79B37EBABD7EEC50C1D1221294FDA5EFD72CD4324F1794093B0EDDD1AF62FAD79482A9C0498F184B4BD2991DEB58DF7DFBB8AD755446282607F22D771DB8B944AD79796A40FCB585EE62949E0D9988B182BF82AC2A540E023901BB3A5E55A6D7529C634F150826310BB830595127B1BB9DC1E03E189927AC16762A0A5920A707050D71039955D26D021666D0F7404FC6848EE290F312C153C687B35F3E72D6D5C5DC2EBD926A616EC2DEDEB9BBF6C5FB6213858363A45382A94D6FB8DD695AD42BE0130358FEBF57ADD5EBD906700D8F7C1556B4B5966A3BF56EFE4324B20FB715E76B7D6AC355C7C49FECA9CCDAD4EA7D36C65B658A106643F36E6F06BB5D5C6E6B28337208B6FCEE11B9DCD6E77D5C11B90C5AFCEE1FB575AAB0D176F4011A3C9C11C5A27B4DFCFA417903167DB95F03580AFD532F80C05D55094975631E6895A586C31BECB451F101AC9B0A20952D3948CB10F25DCC5F14850AC35E075824B4FEC922FE796B432247D4153D5F63E4C31B4C34CDECB673FBC7CF6041DDF7F7A7CFFE7E3070F8EEFFF640539BBB671129677BDF8EEF3BF1E7D82FE7CF2ED8B875F56E36519FFDB8F9FFEFACB17D540E89F9939CFBF7AFCFBD3C7CFBFFEEC8FEF1F56C037051E95E1431A13896E9223B4CF6370CC44C5B59C8CC4F9760C234CCB3B369350E2046B2D15F27B2A72D037A79865D971ECE8103782B705F04715F0FAE4AE63F0201213452B34DF886207B8CB39EB705119851B5A5729CCC34912562B1793326E1FE3C32ADD5D9C38F9ED4D5260CEBC2C1DC7BB1171CCDC63385138240951483FE30784547877875227AEBBD4175CF2B1427728EA605A1992211D39D534DBB44D63C8CBB4CA67C8B7139BDDDBA8C35995D75BE4D0454257605661FC9030278CD7F144E1B84AE410C7AC1CF01DACA22A230753E197713DA920D321611CF502A2CFB4F9D2FF4880BFA5A4DFC040599569DF65D3D8450A450FAA64EE60CECBC82D7ED08D709C5661073489CAD80FE4019428467B5C55C177B9DB21FA3BE401270BD37D9B1227DDA7B3C12D1A3A26CD0A443F99888A285E27DCA9DFC1948D31315403ACEE70754C937F226E4681B9AD868B236EA0CAE7DF3CAAB0FB6DA5EC4D38BDAA7A66FB04512FC29DA4E72E17017DFBD9790B4F923D020D31DFA7EFC8F91D397BFF79725ED4CF174FC933160682D6B3889DB4CDDC1D2F1EBBC794B1819A32B223CDE42DE1F009FAB0A8379AFB2629EE6169041F752B830607170A6CF620C1D5C754458308A730B5D73D2D249499E850A2944BB82E9AE54AD91A0F93BFB297CDA6BE8658EA9058EDF2C02EAFE8E5FCB65188315685E64E9B2B5AD102CEAA6CE54A26147C7B1565756DD499B5D58D6986151D6D85CB3AC4E65E0E212F5C83C5229A30D520988520CAAB70E3D7AAE1B683190974DC6D8EF2B4982C5C648A64840392E548FB3D9FA3BA49525E2B738E683F6C31E8ABE329512B696B69B1AFA1ED2C492AAB6B2C509767EF75B29457F02C4B20ED643BB2A4DC9C2C41476DAFD55C6E7AC8C769DB1BC345193EC629645DEA4112B3105E35F94AD8B23FB5994D97CFB2D9CA1D739BA00E2F3F6CDCE71C76782015526D6119D9D2308FB2126089D664ED5F6E42582FCA810A363A9B152B6B500C6FCC0A88A39B5A321E135F95935D5AD1B1B35F332AE51345C4200A8ED0884DC43E86F4EB52057F022AE17D876104FD05DECEE9689B472E39674D577E276670761DB334C219DDEA16CD3BD9C20D211536986F25F3C0B74ADB8D73E777C5B4FC05B9522EE3FF992BFA3C81D70F2B81CE800F2F860546BA53DA1E172AE2C0426944FDBE80C9C17007540BBCE185C75054F07ADAFC2FC8A1FEDFF69C9561DA1A6E916A9F864850388F542408D9035A32D5778AB07A767659912C13642AAA64AE4CADD9237248D85073E0AA3EDB3D1441A91B36C968C0E04ED69FFB3DEBA051A8879C72BF394C569CBDB607FEEDC9C7363338E5F2B01968F2F8172616E3C1EC54B5FBCDF6FCEC2D3BA21FCCC6AC46DE15A0AC7414B4B2B67F4513CE79D45AC69AF378B9991B07599CF718168B812885974848FF03E71F153E23A68CF5813AE4FBC0AD087EBED0C2A06CA0AA2FD9C1036982B48B23189CECA22D262DCA86361B9D74D4F2C3FA8227DD42EF89606BCBCE92EF7306BB18CE5C754E2F5E64B0B3083BB1B66B0B430D993DD9A2B034CE6F322631E647B2F28F597C741712BD053F1A4C9892A698E0972A8161861E983E80E6B71ACDD68DBF010000FFFF0300504B030414000600080000002100B93D77958C030000D108000011000000776F72642F73657474696E67732E786D6CB4565B6FDB36147E1FB0FF20E8798E24D771022D4EB126F3D6225E8B2A7BD91B251E5B4478034959717FFD0E49314E9A342856ECC9D4B97CE7F6F1D0176FEF05CFF6602C5372955727659E81EC146572B7CAFFBE5DCFCEF3CC3A2229E14AC22A3F80CDDF5EFEFCD3C5585B700ECD6C8610D2D6A25BE5BD73BA2E0ADBF520883D511A242AB7CA08E2F0D3EC0A41CCDDA0679D129A38D632CEDCA19897E5329F60D42A1F8CAC278899609D51566D9D77A9D576CB3A987E9287F99EB8D1F35A758300E942C4C200C71C94B43DD336A189FF8A8625F60964FF5A117BC193DD5895AF594EE58ECAD0078FEF49CF3B68A33AB0160724782C5710261F60AAC533A087569F60AB8B18BBF050E85E95E174CCDCF267FE2F4C3B4EF186B5869838662480CF4274F5FB9D5486B41C4935568BFC1219F54529918DB506D3E190908E5595175E81C5A86DE38803545B0D9C077E761C08828DF5CE1081CC5AE551127C286CC9C0DD2D691BA7341AED09E67C569E47C8FEA07B9061FEFF20B3937E313F8DFAAE2786740E4CA34987D1AE947446F16447D55FCA5D218B0D3679F2089CF6E9467637F17EA0872402AB8CD289F31B45C1673E18F6AC91DF1C8477085560BF428D2F0752789F0DA380A57368DC81C31A936FD817F84DD20F83750C6F51A8FC0732782D01EC2B46FE88B7FFF6A0610DC40DD8A6FF295898C49A33BD61C628F35E52E4CE8F062BD210FD387139529B0E9F9572690C65B9589C9D2D97B117DEEC91A62AABAB896B5F69BEE9F36EBD5C9ECF3D1AC69FA28ADA2F964FE6F2229EFC283311697045446B18C9367EF5A097A85B73F78EC9A46F01572F3CD634439B94B359545841385F23D793A28C72CAACBE866D80E51B627647DCC9C2BC28C57BF7E101CBDF63307F1835E8883A1AA2E38852B86AB198F09874374C24B91DDA2679495C1F8F5483A41FF7C60316C7F68CB5C3572750FD86C85D9A0485D9F5EFDE1427CA4DE35F26D810ADF14AA349BBAB563967BBDE559E9E0EBF28BE50E1A3DDCD27DD3CE8F0CBEBC207E97C65683D1DBC413CA2D57438CADE24D99BA30CF76FB45B1C65A749767A942D930C5FC8B1C6AD050697DF1D2E8D74F4F2ADE25C8D40FF4CC255FE4C149B607BA201E7EA7723925AD541302D4B9BED6BB8C7CD0B94397CF835A382DCE3222EE781E49335270735B827B61EC91BEB27D28C1247D03D8CEA8973A0F857B98C35858E211D9B83688FABF697983867D635A0712B3B65B0E4B0087F0DC8C7FF2297FF020000FFFF0300504B030414000600080000002100EF1F48B9B4010000FA07000014000000776F72642F77656253657474696E67732E786D6CEC554D6FDB300CBD0FE87F30746F647B8EE318750A04458B01C330ACED0F90653911268982A4C44B7EFD183B69D38F437328B6430E862992EF99E413CCABEB3F5A456BE1BC04539164149348180E8D348B8A3C3EDC5E1624F28199862930A2221BE1C9F5ECE2CB555776A2BE172160A68F90C5F852F38A2C43B025A59E2F85667E0456180CB6E0340B78740BAA99FBBDB2971CB46541D652C9B0A1691CE7644FE33EC2026D2BB9B801BED2C2841E4F9D50C808C62FA5F507B6EE236C1DB8C63AE0C27BEC47AB814F33699E6892EC0D9196DC8187368CB0193A54447754084FE2DED28A449A97DF16061CAB154EB04B3232C3F13572EDF7EFA82B6553916C5A14053E491FAFA1D9DCC835C6D64CA13484EEB27178DF451B0EDEF8C9FB4B2E96EFB81FC0BECD9D4308A05FF9B19E79E376DF08CF1883A2134CF4DB8AE0D540C3328E4DF4360705A8155B0518CA5047959D86AC5F54741AD61D777E0A94F622F44D0FE64B39C6719E155F27797C96E3944BF05972E4593A4DB324999CE5F81FE448D271319DE4695C9CF5F8577A0C7FAD7E8B800D52CBADB8053777D079E1FA75C19482EEE78F3B3C60F2D1C69EFD050000FFFF0300504B03041400060008000000210097BBDC1E2A090000704300001A000000776F72642F7374796C657357697468456666656374732E786D6CD45C51739B48127EBFAAFB0F14EF8E84244BB66B952DC74E36AE4DB2DEC8BEABBAB7118CAC2903C301B2E2FCFAEBE9018440408F210FF72433CCF4D73DDDFDF5589EF66FBFFF087CEB85C78990E1D276DE8D6D8B87AEF444F8B4B41F1F3E9D5DD85692B2D063BE0CF9D27EE589FDFBFB7FFEE3B7FD5592BEFA3CB14040985CED2377696FD334BA1A8D1277CB0396BC0B841BCB446ED277AE0C4672B3112E1FED65EC8D2663678C3F45B174799200DA0D0B5F586267E282BA3419F110B036320E589ABC93F1D32860F1F32E3A03E9114BC55AF8227D05D9E3792E462EED5D1C5E650A9D150AA925575AA1EC235F11D7AC3881AB57DE4A7717F03045C451CC7DD04186C956440733DE2A0D4CDCE62ABDB419F112F8F9BC7DE4CC6A7885C9141FDCC66C0FAE3808AC893BB1199E5E14F87A1F947F0F5EAD4A74C66DC6641E51220A1D282A1C63E69A044C848598B76D4D7973211FFAC4F71FB1DC45853A91E827ED2E7C2E64A9B434D06C3CC7CC2B9B961809A8A5EE6ACB226E5B817B75F714CA98AD7DD068EFCC2C1591F67BA00A4FBAB77CC3767E9AA8C7F83ECE1EB327FCF824C334B1F6572C718578000A01298100819FAFC344D8F086B324BD4E043BF972AB669D7CE3266949DA07E1097BA410939F20F385F94B7B32C9476E940647633E0B9FF2318F9FDD7E2C6BB2B47978F6B852436B90BBB4597CB6BA56C2466866FE5932373A321E9E509588B9907920866D520E24042CA684FA427977B20046D30FDF776A73D92E9519080A00B0B25878ACEC38701330D54A3336BCE59B2FD27DE6DE2A85174B1BB160F0F1EE3E1632061A5DDA97970A1306573C109F85E7715520B2B1C7702B3CFEEF2D0F1F13EE1DC6FFFE84F49C4974E52E4C41FDF902A3C04FBC8F3F5C1E299A04D121531EFEA6160087813B4A38A8D04E1CB4D10315541CFC6F0EE9681F9E44D972A64A9A85FAB702A1D5BBDE40136551D900946BA4EBB4BF88597F11E7FD4560F0F6DB8B457F2DE020D3D7233A364A5149776A2A5D1D7CE57D985EB684AC5A518BA2CE15B5A0E95C518B91CE15B590E85C518B80CE15358777AEA8F9B77345CD9DAD2B5C86C4558DA229EE0629B11F44EA73B5BE95809C9E5497951AEB9EC5EC2966D1D65285B5AA761B59AE76EB94A62AD2E9DBC97295C6521D373B7604AAB34ADD3773F2C720DAB244C0A9BC0BA8E7D63FA8A38FF5472CE0F8DA0175AE83AF66131E4C4E96B07B9FB97C2B7D8FC7D603FFA13D6AB0FE9BB456FA94D1A95C4FB77E114FDBD48253A12AB99D60F3864D6FDE092DFF8B48700F5A9369DE604A9770920FE70D71D92CFC2BF7C42EC8B786701A996B3E3770730502556CDFA29972513DBB3AAD500EA098A0CB85B909289FA0BF2E2EE6F2958F29FAEB52F446F904FD75E17AA37C8C8F76FF1A33CD2D7CAD6291D26B619CBB37D297F166E7E739D0490F0BE30C2E206826182771219F44120BE30C3EA24FEBDA75E137374A9C1AFBE2C0A30628C6EED028986C745B8C9D52A13DC7C022630755B0260658FDB8D600C89874BFF317A1BE04362D06C8D2C559B3339DA70D3B0025887486FE7B27D3EE33F4A481F3A82877217C5D92708B86366DC83C2A5A164FBADE19F8B85FE13300EA57010D80FA954203A086F8683EF31435910ED2BF381A6019D37251C530ECC8CCBC3066E602C8AC040C543709E7AF86EC6D8E857ADD24A0183BA85E370928C6DEA9D4B2A26E12B006AB9B04AC86AAD1ECA332A79A18655C37CB40C5498060D130E44D001A86BC0940C3903701A83F7977830C47DE042C636E2838B54CDE04209C62F2AB7E0154266F0290313768B6CBBE33CAEB1E4A69FFE57600F226A0183BA84EDE041463EF349137010BA798444205ABA03A02D630E44D001A86BC0940C39037016818F226000D43DE04A0FEE4DD0D321C7913B08CB9A1E0D4327913808CE9A1002A93370108A79870C349F2C6ACFFE5E44D403176509DBC0928C6DEA9106A71482560193BA882559037010BA79804438685C16D62D430E44DB06818F226000D43DE04A061C89B00D49FBCBB4186236F02963137149C5A266F0290313D144065F226001973C349F2C664FCE5E44D403176509DBC0928C6DEA9106AC173042C630755B00AF2266061BCF4266F02104E792B908945C39037C1A261C89B00340C791380FA937737C870E44DC032E6868253CBE44D0032A68702A84CDE0420636E3849DE9823BF9CBC0928C60EAA933701C5D83B15422DC89B8065ECA00A56417504AC61C89B008481D99BBC094038E50D409845266E1A86BC09160D43DE04A0FEE4DD0D321C7913B08CB9A1E0D4327913808CE9A1002A933701C8981BD43D5BB82F4ABE9EEA340401F59E417EAB810C38697012153033F03BDFF018BA0A79F7ED909E80B98506880DE14135F18394CF16ED62F7B42140C85062ED0B8957BA5FF1964EA91161BA68E92478F8EBC6FAAC1B606AEB30A48E6FDE40F750B95D08DB9354E310E899BE46D0B213E537CB95346810527D5D590B10F684DE414310341641CF28F4F1A9E5AAD307A6625B55D6EF837FB9CD70E167C0C4A57530770B682EF444B5805DAF1396FE3CCB31A1DD33169B94C5690DBDE1723C6A73E8CCC875CD2EC91F8E527ADED155CD56E5537521BC4571BD191CEE8D731F269EDE2B0BAF956BFFD67584362DD4AA4B4970DEDAD7CD66F0C35DE88191FBAC4F4BBBD5FBC1B428787F03FA7C65B152289551F3549F6F52FDD619632DAC885ACB349541F3FA18AF8AA326A70440589495D18FCA88E6780977C19AC7D9C5F386E0FC93435B9D2A23A7B65CDF7C6D8808EA6E37EB77943C45BA7C7EF8FAE55F703116BBE7043F11B96A86751F733D25E59EF6D59A41FFDD5FAA9D0EB32B4F01FD12BA079FF3373584FFB8DB504FEB1354D038AE2209C1C7E30F9FE6F38BAC9732EB6C8414C09E4FF8CCE7A9A051491149683CBD74E659D4354C702EA699C4261193C5ECA25DC6743E9FB5CF989D5F8CDB679CCF2E3B349DCF9C0E4D17D34987A617935987A6B0611D9A3AE331348C6204376D9933BEBCECD0D5712E21A5DBA54C40DD8E29D3C5AC4BDDD9FC1CD555E99D454B52ED87C5BFF367DDB02010A2473D9CEE86CD3A6FE1E3A8A57869DFC85D0CC9657DE37B25216F275EDA0F2280FF6400C3D6771930BC038BEDC4B5252E446C598AA6DE431F71666AF2B3D4479C8D657DC40750DD4C0C12C06EE8886E23B5A322E8EE12E054ECE5AD56DDD3495E2D2B4825476C631DC8A04228CDA5154D6F65181D19647669A612DC9DFF6377E6D52079FF3F000000FFFF0300504B030414000600080000002100B6AB659C75010000E302000011000801646F6350726F70732F636F72652E786D6C20A2040128A00001000000000000000000000000000000000000000000000000000000000000000000000000000000000000000000000000000000000000000000000000000000000000000000000000000000000000000000000000000000000000000000000000000000000000000000000000000000000000000000000000000000000000000000000000000000000000000000000000000000000000000000000000000000000000000000000000000000000000000000000000000000000000000000000000000000000000000000000000000000000000000000000000000000000000000000000000000000000000000000000000000000000000000000000000000000008C524D4FC3300CBD23F11FAADCDBB41B0C56B59D04682726213104E216126F0B6B3E9464EBFAEF49DBAD5B05076EB1DFF3B3FD9C6C761065B00763B992394AA2180520A9625CAE73F4B69C87F728B08E48464A2521473558342BAEAF32AA53AA0CBC18A5C1380E36F04AD2A654E768E39C4E31B6740382D8C833A40757CA08E27C68D65813BA256BC0A3389E60018E30E2086E0443DD2BA2A324A3BDA4DE99B2156014430902A4B33889127CE63A30C2FE59D022174CC15DADFD4EC7712FB519EDC09E7DB0BC2756551555E3760C3F7F823F16CFAFEDAA21978D57145091319A3AEE4A28327C7EFA97DD7D7D03755DBA0F3C400D10A74CC188E450B655A75463F616EA4A19667DE120F2950C2C355C3B7FC24E7690F0EC9258B7F0375D71600F75DFE137D23432B0E7CD6F28466DA73EF41BB5067683020BBC256967E009791F3F3E2DE7A818C5C95D184FC264BC4CA6E9CD348DE3CF66A1417D63519710C7D1FEAD781B0F154F029D37C36F59FC000000FFFF0300504B03041400060008000000210077C94363A40800007F4000000F000000776F72642F7374796C65732E786D6CD45BDF53DB38107EBF99FB1F3C7EA7F949024CD30E857230475B4AC2DDCCBD39B64234D856CE560AF4AFBFD5CA761C3BB657D87DB8A76059DA6F57BBFBAD12B4EF3FBE04BEF583453117E1CC1EBCEBDB160B5DE1F1F071663F2CAE8E4E6C2B964EE839BE08D9CC7E65B1FDF1C3EFBFBD7F3E8BE5ABCF620B0484F159E0CEECB5949BB35E2F76D72C70E27762C34278B91251E048788C1E7B81133D6D3747AE08368EE44BEE73F9DA1BF6FB133B111351A488D58ABBEC52B8DB808512D7F722E6834411C66BBE895369CF1469CF22F2369170591C83D181AFE5050E0F333183714950C0DD48C46225DF81313DAD514F8982E5833EFE15F8B615B867378FA1889CA50F9BF73C18DB1F60E73CE15EB295B3F565AC1EA3BB28794C9EF0E34A8432B69ECF9CD8E57C015B0A02020EB2AECFC398DBF08639B13C8FB973F0E55ACD3AF8C68D654EDA27EE71BBA710E39F20F387E3CFECE1301DB9501AEC8DF94EF8988E79ECE8F2735E9399CDC2A387B91A5A82DC99ED4447F37325AC8766A69F3973377BC6C313AAB2715C7006887156924150408C28A13E5731389C42BCE887FBADDA57672B45028202002C2F161E0B3B0EB1029133D7010C6FD9EA56B84FCC9B4B7831B3110B061F6EEE222E2208D2997D7AAA306170CE027ECD3D8FA97C49C61EC235F7D8DF6B163EC4CCDB8D7FBFC2E04F24BA621B4A507F32C528F063EFF38BCB362A6C4174E8280F7F550B2070C01D391C5468CB77DAE881022A0EFE9B420EB40F0FA2AC99A332DC42FD6B81D0EA6D6BA0A1B2286F00CA35D275D45EC4B8BD88E3F6223078DBEDC5B4BD16C0EB6D3DA26323179574A74AE1EAE0CBEFC3E8B42664D58A521435AE28054DE38A528C34AE288544E38A520434AE2839BC7145C9BF8D2B4AEEAC5DE13A485CC5281AE16E90127BC1A5CFD4FA5A021AB4A4BAA4D458774EE43C46CE666DA9C25A54BB8E2CE7DBA5A4A98A74FA76B29CCB48848F8D3B02D559A5EE9B39F973B0593B31875352C3D60F5B6EFD429D7AAC3F22EE35421DEBE02BD98407938325ECCE775CB616BEC7226BC15EB4470DD67F15D65C9F321A956BE9D65BFEB896D67C8D25B7116C52B1E9D53BA1E5DFF218F7A036992615A6340927F970521197D5C2BF308F6F83746B08A79189E6730337172050C5FA2D1A2B1795B3ABD10AE5008A09BA5C989B80F209FAEBE2622E5FF998A2BF2E456F944FD05F17AE37CAC7F8A8F7AF31D35CC297568B945E53E3DCBD10BE88565B3FCD81467A981A6770064133C1388933F92492981A67F01E7D5AE7AE0BDFDC28716AEC8B1D8F1AA018BB43A360B2D16D31764A81F6060616193BA8803534C06AC7B50640C6A47BCF7E70F59B9869314096CECE9A8DE93CAAD8012841A433F4F7AD90CD67E86105E751516E42F8B92466160D6D54917954B4249E74BD33F071BBC26700D4AE021A00B52B85064015F1517DE6C96A221DA47D7134C032A6E5AC8A61D89199796ACCCC19905909E8A86E12CE5F15D95B1D0BE5BA4940317650B96E12508CBD53A86559DD246075563709581555A3DA47794E3531CAB86EE681B29300C1A26EC89B00D40D791380BA216F02507BF26E06E98EBC0958C6DC90716A9EBC094038C5E4AB7E0694276F0290313768B64B7E334AEB1E4AA9FF72DB017913508C1D54266F028AB177AAC89B8085534C22A18095511D01AB1BF226007543DE04A06EC89B00D40D791380BA216F02507BF26E06E98EBC0958C6DC90716A9EBC0940C6F49001E5C99B0084534CB8E1207963D6FF72F226A0183BA84CDE041463EF1408353BA412B08C1D54C0CAC89B8085534C8221C1C2E03631AA1BF22658D40D791380BA216F025037E44D006A4FDECD20DD913701CB981B324ECD933701C8981E32A03C7913808CB9E120796332FE72F226A0183BA84CDE041463EF140835E3390296B1830A58197913B0305E5A93370108A7BC15C8C4A26EC89B605137E44D00EA86BC0940EDC9BB19A43BF22660197343C6A979F2260019D3430694276F029031371C246FCC915F4EDE0414630795C99B8062EC9D02A166E44DC0327650012BA33A025637E44D00C2C06C4DDE04209CF20620CC2213377543DE048BBA216F02507BF26E06E98EBC0958C6DC90716A9EBC0940C6F49001E5C99B0064CC0DEA9E2DDC17255F4F1D540401F59E417AAB810C38AC7012153031F09EAD58044D56ACF976484BC0D44203C48AF0A09AF84988278B76B17B5411206428BEF4B9C02BDDAF784B27D788309AD674122CBE5D58D7BA01A6B40E436AFFE60D740FE5DB85B03D49350E819EF275032D3B9BF466B992060D42AAAF2B6901C216B91B680882C62268A18B3C6CFC519D3E3015DBAA927E1FFCCF6D820B7F03262E2D83B96B4073A127AA06EC7C193BF2E7518A09FD78115F49279225F48ACBF1A8CDAE3323D535B924BF3B4AE9797B57356B9597EA42788DE27A3318DC1B673E4C54D697F7CAC26BE5DABF651DA14D0BB56A52129CB7F475B319FC71137A6024B40BE2FFCFB45BBD17478B82F717A0CF1727520A49B1A99EEAB395D46F077DAC8505514B21A508AAD74778551C35392400C222AF8C7E544654C74BB80D962C825EAF9A6DFF93415B9D2A2387B65CDF7CAD8808EA6E57EBB7973C59BA5C2FBEDCFE051763B17B8EB30391AB66587711D35324F3B4AF960EF4DF7D53ED74985D690AE897D03DF894BE2921FCE3AE433DAD4D50411FAD8A2404EFF73F5D4D2627492F65D2D90829803D9FF099CE5341A3BCB31131B4190E2649D4554C189C8C1289552286D3F149BD8CD16432AE9F313E3EE9D7CF381E9F36683A190F1A349D8E860D9A9E0CC70D9AC28635683AE8F7A1611423B86ACB06FDD3D3065D07835348E97A294350B761CA683A6E52773C394675557A27D11217FB6191A7926E581008D1A31E0E77C3269DB7F0B1D7523CB32FC43682E4B2BEB26725216D279ED90B1E4063370C5BF72270F00E2CB6139796B810B179299A7A777DC489A9F1CF5C1F713296F411EF407533314800BBA123BA8ED4F68AA0BB8D8153B197B758750F2779B1AC2095ECB18DB5238302A154975634BD9661746490D9A59A4A7077FEC7EE4CAB41FCE13F000000FFFF0300504B03041400060008000000210094861F9011020000B706000012000000776F72642F666F6E745461626C652E786D6CBC94C16EE2301086EF2BF51D22DF4B9C10A0A086AA658BB4973DACBA0F608C03D6C676E431A4BCFD8EED9056DBB2851E0A5204FFC4BFC69FE69FDBBB6755277B61411A5D926C40492234376BA93725F9FDB4BCBE210938A6D7AC365A94E42080DCCDAFBEDDB6B3CA6807099ED73053BC245BE79A599A02DF0AC560601AA1B15819AB98C3BF76932A66FFEC9A6B6E54C39C5CC95ABA439A533A269D8D3DC7C55495E4E2BBE13B25B40BE7532B6A74341AB6B281A35B7B8E5B6BECBAB1860B00BCB3AAA39F6252F73659F1C648496E0D98CA0DF03269EC28F556783CA3E197AA49A2F8ECC7461BCB5635B26BB382CC3B70493BD34CA1B860B55C59190A0DD3064486B53DAB4B4273BAA4237CFA6F4187FE4952EFC0B7CC8270FD8B34CA1553B23E1C556825402C34D2F1ED51DF332B7D43B1047283851DAC68491E29A5F9FD7249A29261775E29260F9D926353F133ED9461AFE0E46063C127BC92451F54D0A73B15FA4CE3E8BC21F1249580E4A768935F46317D82484EC74862843C3C99E145446CF00D042F21F2F82F91C9CDE84B882CCCCE4A613D9313342648601AE6C3D3282EA2A1CC5A58FDCE8054F259AC4F4CC73B2C8AE1574CC702C36D6A0627403CE05844109707E53320E8F8F550F8F15E2E7AE52526D9C7319986B89D1F930553B82FD8090E3E16311E3E26972D8CCFC583E6FDBD31E8854751F4CA0B89B01E70CDFC67617C48A2DB1C30FF0B0000FFFF0300504B03041400060008000000210030AB1C737A010000CA02000010000801646F6350726F70732F6170702E786D6C20A2040128A00001000000000000000000000000000000000000000000000000000000000000000000000000000000000000000000000000000000000000000000000000000000000000000000000000000000000000000000000000000000000000000000000000000000000000000000000000000000000000000000000000000000000000000000000000000000000000000000000000000000000000000000000000000000000000000000000000000000000000000000000000000000000000000000000000000000000000000000000000000000000000000000000000000000000000000000000000000000000000000000000000000000000000000000000000000000009C524D4FC3300CBD23F11FAADE593A181F9ABC20348438F031691D3B4789DB46A4499404C4FE3D2EDDBA226EE4643FDB2FCF2F81DBAFD6649F18A27676914F27459EA1954E695B2FF24DF9707693673109AB84711617F90E637ECB4F4F60159CC79034C68C286C5CE44D4A7ECE58940DB6224EA86CA952B9D08A4469A899AB2A2DF1DEC98F166D62E74571C5F02BA155A8CEFC4098F78CF3CFF45F52E564A72FBE953B4F823994D87A2312F2974E8E9928975A60030AA54BC294BA455E103C24B01235463E05D607B07541457E4D4D7D04CB4604211319C867B319B0510E77DE1B2D45226BF9B396C14557A5ECF5C784AC9B07366E0132668DF223E8B4EB648C5378D296845C00EB031216441D846FF6EA860CD652185CD2F6BC122622B023004BD77A61779C741E22E27B8F1B5FBAFBCE9EFDC86F70B4E456A766ED85242D975352735C7754813599828AF41FF88E003CD28B04D35D4AB3B64675E8F95BE80C7CEBBF269FCE26059D1FC70E18BDCAF067F837000000FFFF0300504B01022D001400060008000000210009248782810100008E0500001300000000000000000000000000000000005B436F6E74656E745F54797065735D2E786D6C504B01022D00140006000800000021001E911AB7F30000004E0200000B00000000000000000000000000BA0300005F72656C732F2E72656C73504B01022D00140006000800000021007C3B973922010000B90300001C00000000000000000000000000DE060000776F72642F5F72656C732F646F63756D656E742E786D6C2E72656C73504B01022D001400060008000000210071E2B08A1E050000A1310000110000000000000000000000000042090000776F72642F646F63756D656E742E786D6C504B01022D001400060008000000210060FFBFF5A4060000A21B000015000000000000000000000000008F0E0000776F72642F7468656D652F7468656D65312E786D6C504B01022D0014000600080000002100B93D77958C030000D1080000110000000000000000000000000066150000776F72642F73657474696E67732E786D6C504B01022D0014000600080000002100EF1F48B9B4010000FA070000140000000000000000000000000021190000776F72642F77656253657474696E67732E786D6C504B01022D001400060008000000210097BBDC1E2A090000704300001A00000000000000000000000000071B0000776F72642F7374796C657357697468456666656374732E786D6C504B01022D0014000600080000002100B6AB659C75010000E3020000110000000000000000000000000069240000646F6350726F70732F636F72652E786D6C504B01022D001400060008000000210077C94363A40800007F4000000F0000000000000000000000000015270000776F72642F7374796C65732E786D6C504B01022D001400060008000000210094861F9011020000B70600001200000000000000000000000000E62F0000776F72642F666F6E745461626C652E786D6C504B01022D001400060008000000210030AB1C737A010000CA020000100000000000000000000000000027320000646F6350726F70732F6170702E786D6C504B0506000000000C000C0009030000D73400000000, 'TestDocument.docx', 1, NULL, 2, NULL),
	(2, 'PrivateTabelle_id1_22062017', 'Kommentar Privat', _binary 0x504B030414000600080000002100AAF758A47A01000014060000130008025B436F6E74656E745F54797065735D2E786D6C20A2040228A000020000000000000000000000000000000000000000000000000000000000000000000000000000000000000000000000000000000000000000000000000000000000000000000000000000000000000000000000000000000000000000000000000000000000000000000000000000000000000000000000000000000000000000000000000000000000000000000000000000000000000000000000000000000000000000000000000000000000000000000000000000000000000000000000000000000000000000000000000000000000000000000000000000000000000000000000000000000000000000000000000000000000000000000000000000000000000000000000000000000000000000000000000000000000000000000000000000000000000000000000000000000000000000000000000000000000000000000000000000000000000000000000000000000000000000000000000000000000000000000000000000000000000000000000000000000000000000000000000000000000000000000000000000000000000000000000000000000000000000000000000000000000000000000000000000000000000000000000000000000000000000000000000000000000000000000000000000000000000000000000000000000000000000000000000000000000000000000000000000000000000000CC54C96AC33010BD17FA0F46D7122B49A1941227872EC73690F403146B6C8BD892D04CD2E4EF3B76164AC88269A0BDD8D8D2BC65867983D1AA2AA3250434CE26A2177745043675DAD83C119FD3B7CEA3889094D5AA741612B10614A3E1EDCD60BAF68011575B4C4441E49FA4C4B4804A61EC3C583EC95CA814F167C8A557E95CE520FBDDEE834C9D25B0D4A11A430C072F90A94549D1EB8A7F6F94CC8C15D1F3E65E4D9508E57D6952452C542EAD3E20E9B82C332968972E2A868ED107501A0B00AACAD807C38C6102446C0C853CCA19A0C476A45B57315736C2B0301EEFD8FA0986FAE4B4AB6DDD078F23180DD158057A57157B97AB527EB9309F39378FCF83B46D4DD3A2B852C6EE749FE16F2EA36C5EBD2B0BA9FD35C02D75F4FF898EFB3FD241BC73209BE7EF47D2C05C1800D2BA04BCB2DB0DE825E64205D013E26DCEAF2EE027F6391D1C31E3E03C728A0568DF855D64D4D51DCF4010C8C03E348E2DDF9E9123B03DE14130429DB11AF4116ED964FAF01B0000FFFF0300504B030414000600080000002100B5553023F50000004C0200000B0008025F72656C732F2E72656C7320A2040228A0000200000000000000000000000000000000000000000000000000000000000000000000000000000000000000000000000000000000000000000000000000000000000000000000000000000000000000000000000000000000000000000000000000000000000000000000000000000000000000000000000000000000000000000000000000000000000000000000000000000000000000000000000000000000000000000000000000000000000000000000000000000000000000000000000000000000000000000000000000000000000000000000000000000000000000000000000000000000000000000000000000000000000000000000000000000000000000000000000000000000000000000000000000000000000000000000000000000000000000000000000000000000000000000000000000000000000000000000000000000000000000000000000000000000000000000000000000000000000000000000000000000000000000000000000000000000000000000000000000000000000000000000000000000000000000000000000000000000000000000000000000000000000000000000000000000000000000000000000000000000000000000000000000000000000000000000000000000000000000000000000000000000000000000000000000000000000000000000000000000000000000008C92CF4EC3300CC6EF48BC43E4FBEA6E4808A1A5BB4C48BB21541EC024EE1FB58DA32440F7F68403824A63DBD1F6E7CF3F5BDEEEE669541F1C622F4EC3BA2841B133627BD76A78AD9F560FA06222676914C71A8E1C6157DDDE6C5F78A4949B62D7FBA8B28B8B1ABA94FC2362341D4F140BF1EC72A5913051CA6168D19319A865DC94E53D86BF1E502D3CD5C16A08077B07AA3EFA3CF9B2B7344D6F782FE67D62974E8C409E133BCB76E543660BA9CFDBA89A42CB498315F39CD311C9FB2263039E26DA5C4FF4FFB63871224B89D048E0F33CDF8A7340EBEB812E9F68A9F8BDCE3CE2A784E14D64F861C1C50F545F000000FFFF0300504B030414000600080000002100DE09FD2802010000D40300001A000801786C2F5F72656C732F776F726B626F6F6B2E786D6C2E72656C7320A2040128A0000100000000000000000000000000000000000000000000000000000000000000000000000000000000000000000000000000000000000000000000000000000000000000000000000000000000000000000000000000000000000000000000000000000000000000000000000000000000000000000000000000000000000000000000000000000000000000000000000000000000000000000000000000000000000000000000000000000000000000000000000000000000000000000000000000000000000000000000000000000000000000000000000000000000000000000000000000000000000000000000000000000000000000000000000000000000BC93CF6AC3300CC6EF83BD83D17D71926E65943ABD8C41AF5BF7002651E2D0C43696F6276F3F9343BA40C92EA1178324FC7D3FD0A7FDE1A7EFC417066A9D5590252908B4A5AB5ADB28F838BD3E3C8320D6B6D29DB3A860408243717FB77FC34E73FC44A6F524A28A250586D9EFA4A4D260AF29711E6D9CD42EF49A63191AE97579D60DCA3C4DB732FCD58062A6298E958270AC36204E838FCEFF6BBBBA6E4B7C71E5678F96AF58C86F17CE6410398AEAD0202B985A24C7C92689C420AFC3E43786C99760B21BC3644B30DB3561C8E880D53B879842BAAC6AD65E82795A1586872E867E0A0C8DF592FDE39AF61C4F092FEE6329C777DA879CDD62F10B0000FFFF0300504B0304140006000800000021005A7C0CD06A010000890200000F000000786C2F776F726B626F6F6B2E786D6C8C523D6FC23014DC2BF53F58DE8B1393228A4890AAB62A4BC5406136F10BB170ECC87608FCFBBE0405185AA993DFC7F97C77F27C71AA343982F3CA9A94C6A3881230B995CAEC53FABDFE789A52E2833052686B20A567F074913D3ECC5BEB0E3B6B0F04098C4F6919423D63CCE72554C28F6C0D063785759508D8BA3DF3B503217D09102ACD78144D582594A1178699FB0F872D0A95C39BCD9B0A4CB89038D022A07C5FAADAD36C5E280D9B8B2322EAFA4B54A8FBA429D1C28777A902C8943E636B5BB80D124A5C53BF364AE3F6651C8D29CBAE26578E206B00B772EA28F2332645898442343AACD1F0F01ECE79C2F9A4BBDB85B351D0FA1B4DD792D3561969DB94F204C33E0F5D1CA1A4B65F6D950C255225D3DBEC13D4BE0C299D4671D4B1B33BFA3E527CA63F89E9FDAEC50EB40694D94F97680A6B375358B8A58C3B8E5FF0FC0E8FF515CFFFC08FEFF0585FF17D7A6C10960B9D6384DDD10BE19CC7BD0236FCA2EC070000FFFF0300504B030414000600080000002100A574477C90060000A51B000013000000786C2F7468656D652F7468656D65312E786D6CEC594F6F1B4514BF23F11D467B6F6327761A4775AAD8B11B6852A2D82DEA71BC1EEF4E3DBBB39A1927F50DB547242444415C90B8714040A556E2523E4DA0088AD4AFC09B99DDF54E764D92360201F521D99DF9CDFBFFDEBC99BD7EE341C4D0111192F2B8EDD5AFD63C44629F8F691CB4BD3BC3FE950D0F4985E331663C266D6F4EA47763EBDD77AEE34D15928820581FCB4DDCF642A592CD9515E9C3309657794262989B70116105AF2258190B7C0C7423B6B25AABADAF4498C61E8A710464F7B0A052626F2BA3DB63403C56520FF84C0C345552011E4FEB1A22E7B2CB043AC2ACED018F313F1E9207CA430C4B05136DAF667EDECAD6F515BC992E626AC9DAC2BABEF9A5EBD205E3E9AAE1298251CEB4DE6FB4AEEDE4F40D80A932AED7EB757BF59C9E0160DF0755AD2C459A8DFE46BD93D12C80EC639976B7D6AC355C7C81FE5A49E656A7D369B652592C5103B28F8D127EA3B6DED85E75F00664F1CD12BED1D9EE76D71DBC0159FC7A09DFBFD65A6FB878030A198DA725B47668BF9F52CF2113CE762BE11B00DFA8A5F0050AA2210F2FCD62C263B534D8227C9F8B3E203492614563A4E60999601F42B88BA391A05873C09B041766EC902F4B439A1992BEA0896A7BEF2718D26141EFD5F3EF5E3D7F8A5E3D7F72F2F0D9C9C31F4F1E3D3A79F883A5E52CDCC571505CF8F29B4FFFF8EA23F4FBD3AF5F3EFEBC1A2F8BF85FBEFFF8E79F3EAB06420A2D247AF1C5935F9F3D79F1E527BF7DFBB802BE2DF0A8081FD28848749B1CA3431E816EC630AEE464242EB6621862EAACC021D0AE20DD53A103BC3DC7AC0AD721AEF1EE0AA81E55C09BB3FB8EAC8350CC14ADE07C2B8C1CE03EE7ACC345A5016E695E050B0F677150CD5CCC8AB8438C8FAA787771ECB8B6374BA06E6641E9D8BE1B1247CC0386638503121385F41C9F1252A1DD3D4A1DBBEE535F70C9270ADDA3A88369A5498674E404D262D12E8DC02FF32A9DC1D58E6DF6EFA20E67555AEF9023170909815985F043C21C33DEC43385A32A92431CB1A2C1F7B00AAB841CCC855FC4F5A4024F078471D41B13BDA395A3FE0301FA169C7E0B43C1AA74FB3E9B472E52283AADA2B987392F2277F8B41BE228A9C20E681C16B1EFC929842846075C55C1F7B99B21FA1DFC80E3A5EEBE4B89E3EEB30BC11D1A38222D0244CFCC4485156F12EEC4EF60CE2698982A0335DDA9D4118DFFAA6C330A75DB72785BB6DBDE366C6255C9B37BAA582FC3FD0B4BF40E9EC50704B2A29CAC6F2BF4DB0AEDFDE72BF4B25CBEFCBABC28C550A57543629B6DD37A47CB3BEF09656CA0E68CEC49D37C4BD881C67D18D40BCD9193E447B12484479DCAC0C1C105029B354870F52155E120C40934EE754F1309644A3A9028E1124E8C66B892B6C643F3AFEC79B3A94F22B67448ACF6F9D80EAFE9E1ECC09193315205E6589B315AD304CECB6CED5A4A14747B1D66752DD4B9B9D58D68A62A3ADC7295B589CDD11C4C9EAB0683B935A1B541D0108195D7E1D0AF59C381073332D676B73ECADC62BC70992E92211E93D4475AEFB28FEAC64959AC9414D17AD860D0A7C733AC56E0D6D264DF80DB799C5464D758C22EF3DE9B78298BE0859780DAE97464713139598C8EDB5EABB9DAF4908F93B63781B3323C4609785DEA6E12B3006E9B7C256CD89F99CC26CB17DE6C658AB9495087FB0F6BF792C24E1D4884543B58863634CC541A022CD69CACFCAB4D30EB652950518DCE27C5DA0604C33F2605D8D1752D994C88AF8ACE2E8C68DBD9D7B494F2992262108E8FD188CDC42106F7EB50057DC654C29587A908FA052EE8B4B5CD945B9CD3A42B5E8B199C1DC72C09715A6E758A66996CE1A620E53298B78278A05BA5EC46B98BAB6252FE92542986F1FF4C15BD9FC01DC4DA587BC087BB618191CE94B6C7850A3954A124A47E5F40E7606A07440B5CF2C2340415DC509BFF821CE9FF36E72C0D93D670945487344082C27EA44241C8019425137D6710ABA77B9725C9524226A20AE2CAC48A3D2247840D750D5CD77BBB87420875534DD2326070A7E3CF7D4F336814E826A7986F4E25CBF75E9B037F77E76393199472EBB0696832FBE722E6EDC16257B5EBCDF26CEF2D2AA227166D5623CB0A6056D80A5A69DABFA60817DC6A6DC52A69BCDACC84032F963586C1BC214AE02609E93FB0FF51E13362C2586FA8437E08B515C1170C4D0CC206A2FA8A6D3C902E907670048D931DB4C1A44959D3A6AD93B65AB6595F72A79BF33D656C2DD979FC7D4163E7CD99CBCEC9C5CB34766A61C7D6766CA9A9C1B3A753148626D949C638C67C272B7ECFE2A3FBE0E81DF86E30634A9A60828F5502430F3D307900C96F399AA55B7F020000FFFF0300504B0304140006000800000021003B6D324BC10000004201000023000000786C2F776F726B7368656574732F5F72656C732F7368656574312E786D6C2E72656C73848FC18AC2301445F703FE43787B93D6850C43533722B855E70362FADA06DB9790F714FD7BB31C65C0E5E570CFE5369BFB3CA91B660E912CD4BA0285E4631768B0F07BDA2DBF41B138EADC14092D3C9061D32EBE9A034E4E4A89C79058150BB1855124FD18C37EC4D9B18E09A9903EE6D949897930C9F98B1BD0ACAA6A6DF25F07B42F4EB5EF2CE47D57833A3D5259FEEC8E7D1F3C6EA3BFCE48F2CF84493990603EA24839C845EDF2806241EB77F69E6B7D0E04A66DCCCBF3F6090000FFFF0300504B03041400060008000000210075A6CAC575010000A102000018000000786C2F776F726B7368656574732F7368656574322E786D6C8C924D4FC3300C86EF48FC8728F7351DDF9BD64D8809C10109213ECE69EAB6D192B84A3CC6FE3D6EA702D22EDCECD87E62BFF662F5E59DF884982C86424EB35C0A08062B1B9A42BEBDDE4F6EA448A443A51D0628E41E925C2D4F4F163B8C9BD40290604248856C89BAB952C9B4E075CAB083C0911AA3D7C46E6C54EA22E86A28F24E9DE5F995F2DA067920CCE37F1858D7D6C01ACDD643A0032482D3C4FDA7D67669A479F31F9CD771B3ED26067DC788D23A4BFB012A8537F3C72660D4A5E3B9BFA617DA8CECC139C27B6B2226AC29639C3A347A3CF34CCD1493968BCAF204BDEC22425DC8DBA954CBC520CEBB855DFA638B5EEB1271D3071EAB42E67DAA3ACABD1FB47E8EA2D409EED07DD88A5A5E2AEFB4825A6F1DFD3ECEB2E9457E7576F9137AC1DD03D8A6252EE0D761C479B55F43322C34FF9971F2D8E15A9366BBD30D3CE9D8D89084837AC8BA96221E3079C63661D7D75E33B24422F4A3D7F22900AF3CCFCEA5A8116974FAD17E8E6BF90D0000FFFF0300504B03041400060008000000210075A6CAC575010000A102000018000000786C2F776F726B7368656574732F7368656574332E786D6C8C924D4FC3300C86EF48FC8728F7351DDF9BD64D8809C10109213ECE69EAB6D192B84A3CC6FE3D6EA702D22EDCECD87E62BFF662F5E59DF884982C86424EB35C0A08062B1B9A42BEBDDE4F6EA448A443A51D0628E41E925C2D4F4F163B8C9BD40290604248856C89BAB952C9B4E075CAB083C0911AA3D7C46E6C54EA22E86A28F24E9DE5F995F2DA067920CCE37F1858D7D6C01ACDD643A0032482D3C4FDA7D67669A479F31F9CD771B3ED26067DC788D23A4BFB012A8537F3C72660D4A5E3B9BFA617DA8CECC139C27B6B2226AC29639C3A347A3CF34CCD1493968BCAF204BDEC22425DC8DBA954CBC520CEBB855DFA638B5EEB1271D3071EAB42E67DAA3ACABD1FB47E8EA2D409EED07DD88A5A5E2AEFB4825A6F1DFD3ECEB2E9457E7576F9137AC1DD03D8A6252EE0D761C479B55F43322C34FF9971F2D8E15A9366BBD30D3CE9D8D89084837AC8BA96221E3079C63661D7D75E33B24422F4A3D7F22900AF3CCFCEA5A8116974FAD17E8E6BF90D0000FFFF0300504B0304140006000800000021004A5AD2B2DC0100005903000018000000786C2F776F726B7368656574732F7368656574312E786D6C8C934D6FDB300C86EF03F61F04DD6B3959FA11C376512C2896C38061D9D6B32CD3B610CB14242669F6EB473B7037203BF46080A4C4877C49397F7C75BD3842881687422E92540A180CD676680BF9F3C7F3CD831491F450EB1E0728E419A27C2C3F7EC84F18F6B10320C1842116B223F29952D174E0744CD0C3C0270D06A789DDD0AAE803E87A4A72BD5AA6E99D72DA0EF242C8C27B18D834D6C006CDC1C1401748805E13F71F3BEBE34C73E63D38A7C3FEE06F0C3ACF88CAF696CE13540A67B26D3B60D055CFBA5F172B6D66F6E45CE19D3501233694304E5D1ABDD6BC566BC5A432AF2D2B18C72E0234857C5A4855E6D3707E5938C57F6C41BADA410F86A0E61D4931CEBE42DC8F17B71C4AC7547595FB3CCDFE5B10958EF019FB175B53C700DE710D8D3EF4F437B84E16ABF46E79FB76F41D4F5FC0B61D71024727C9597DDE40343C78AE99F0E5B9E38D265DE6014F8297C80D46AFC727B1C8D81E09CB87E4FF8CD52D4FC28C59AC5F8C2952F0FDC8D16399E6EAC8BA0C7F8C9E155E6A79DDC2571D5A3B44D1433335742F45B8749C266C13FAB1CD7BAE5C2111BAD9EBF81502974C934F523488343B2C67E4EE800E5E78ED21ECEC6F5EFE5A0A0C96654FCFAC901E03056D89EB65B62E64D8D6D3F6D4DB4F51FE010000FFFF0300504B0304140006000800000021000F139546A6000000BE00000014000000786C2F736861726564537472696E67732E786D6C348DCB0AC2301000EF82FF90EE5D533D88481A1151F056EAE31EDAD5069A4DED6E45FFDE78F0380CC398ED3B74EA8503FB48052CE63928A43A369E1E055C2FC7D91A148BA3C67591B0800F326CED74629845A596B88056A4DF68CD758BC1F13CF648C9DCE3109C241C1E9AFB015DC32DA2844E2FF37CA583F304AA8E2349FA821AC93F47DCFFD91AF6D6883D5FCB435556A7DBEE926599D1628DFE199DFEF60B0000FFFF0300504B030414000600080000002100450A8F716F020000A20500000D000000786C2F7374796C65732E786D6CB4544D8BDB3010BD17FA1F84EE891C376993607B21C90616B65048167A556C3911AB0F23C969DCD2FFDE91ECD859B6A52DA5177B341ABD79F3349AE4EE22053A3363B956299E8C238C98CA75C1D531C54FFBED688E917554155468C552DC308BEFB2B76F12EB1AC17627C61C020865537C72AE5A1262F31393D48E75C514EC94DA48EA60698EC45686D1C2FA435290388ADE1349B9C22DC252E67F0222A979AEAB51AE65451D3F70C15D13B03092F9F2E1A8B4A10701542F9329CDAFD861F10A5EF2DC68AB4B370638A2CB92E7EC35CB05591040CA92522B6751AE6BE5521C03B4CFB07C56FA8BDAFA2D10B08BCA12FB159DA900CF04932CC9B5D00639500688058FA292B5116B2AF8C1701F5652C945D3BA63EF08627671924369DE493C8F96CD90270EF1FF234F4867211F17E2A6FAD69125700B8E19B5855DD4D9FBA6823215344C4B17B67E1B7D34B499C4B39B032424CC9283360534E855772F71EBCA12C14A0782187E3CF9BFD3157C0FDA39B8CD2C29383D6A450598E47AA233A09C9C09B1F34DFCB97C817D2991AAE556BA8722C5F01CBCD857130AE9CC16AF5D78FC5BB416FB063606CA7F0F8B2E658FFFABD313E0F77352FD6944AB4A34BE3FBBCE0B5C81DD8D042F04E84B41BE4753BC0BCFDF14D0EF1D2174A8B9705CF5F486F201B5B80C8246FE3E9D7F8F41EA3E0FE85AB092D6C2EDFBCD140FF64756F05AC213EBA23EF1B3760122C583DD462D7C0E76718F161E05FC516D788ABFDDAF3E2C36F7DB78348F56F3D1F41D9B8D16B3D566349BAE579BCD7611C5D1FAFBCD78F887E11086185CF164BAB4024688E98AEDC8EF061FA8392C1E7DDB866140803634D1B50862FBE19AFD000000FFFF0300504B0304140006000800000021007585F787A80100006A03000010000801646F6350726F70732F6170702E786D6C20A2040128A00001000000000000000000000000000000000000000000000000000000000000000000000000000000000000000000000000000000000000000000000000000000000000000000000000000000000000000000000000000000000000000000000000000000000000000000000000000000000000000000000000000000000000000000000000000000000000000000000000000000000000000000000000000000000000000000000000000000000000000000000000000000000000000000000000000000000000000000000000000000000000000000000000000000000000000000000000000000000000000000000000000000000000000000000000000000009C93C16EDB300C86EF03FA0E86EE8D9CA41886405651A42B7A68B100717B67643A11264B82C41AC99E676FB2179B6C2F89B30D3DF446F2A77F7F222571BB6F4CD66288DAD9824D2739CBD02A5769BB2DD84BF970FD856591C056609CC5821D30B25B79F549AC82F3184863CC92858D05DB11F905E751EDB0813849B24D4AED420394D2B0E5AEAEB5C27BA7DE1AB4C46779FE99E39ED056585DFB93211B1C172D7DD4B472AAE38BAFE5C12760294A47604ADDA0CC053F27E2CE7BA315503ABD7CD62AB8E86ACABEEE151AC1C7A248D46B546F41D3A1F318A762ADC0E032FD50D660220A7E2E8847846E982BD0214AD1D2A245452E6451FF48E39CB16C03113BCC82B51034584AB85DDB90F4B1F19182BC0B1BD41437E6D74F220C82A7AE41E9C3F107E358DFC879DF9082CBC6CE60A049C22567A9C960FC56AF20D07FB0E763EC9E61801E704AD8A031381D139E58FF88B3F7C481777CB67E6689F22FAEA56B3CD843124ED193B6DFE38B2FDD3D101EF7715914EB1D04ACD20A8FFAB9201ED32A82E94C963BB05BAC8E3DFF0ADDED791D9E8E9CDE4CF2799E2EC6A826F8F991C8DF000000FFFF0300504B03041400060008000000210032B28C4B42000000DC00000027000000786C2F7072696E74657253657474696E67732F7072696E74657253657474696E6773312E62696E62A01030B230B3DD019A11FCBE81919181936116B709470A0323033F43041313908E606206928E0C2614DA83AC9D11CA01D14C400CE323AB01B101000000FFFF0300504B030414000600080000002100390D771C3F0100005102000011000801646F6350726F70732F636F72652E786D6C20A2040128A00001000000000000000000000000000000000000000000000000000000000000000000000000000000000000000000000000000000000000000000000000000000000000000000000000000000000000000000000000000000000000000000000000000000000000000000000000000000000000000000000000000000000000000000000000000000000000000000000000000000000000000000000000000000000000000000000000000000000000000000000000000000000000000000000000000000000000000000000000000000000000000000000000000000000000000000000000000000000000000000000000000000000000000000000000000000007C92514BC3301485DF05FF43C97B9BA4C3A9A1ED40654F0E042B8A6F21B9EB8A4D1A9268B77F6FDA6EB58321E425F79CFBDD934BB2D55E35D10F5857B73A47342128022D5A59EB2A476FE53ABE4391F35C4BDEB41A7274008756C5F555260C13AD8517DB1AB0BE06170592764C981CEDBC370C632776A0B84B82430771DB5AC57DB8DA0A1B2EBE78053825648915782EB9E7B807C66622A223528A0969BE6D3300A4C0D08002ED1DA609C57F5E0F56B98B0D833273AADA1F4C78D331EE9C2DC5284EEEBDAB2763D77549B7186284FC147F6C9E5F87A7C6B5EE7725001599144C58E0BEB54586E797B0B8863BBF093BDED6201F0E41BF509362883B42404621001BE39E94F7C5E353B94645BFC398DCC7745912C286F3D98F3CEBEF038D05751CFC2F91DEC6019AA6654A185DB01B3A239E0063EEF34F50FC020000FFFF0300504B01022D0014000600080000002100AAF758A47A010000140600001300000000000000000000000000000000005B436F6E74656E745F54797065735D2E786D6C504B01022D0014000600080000002100B5553023F50000004C0200000B00000000000000000000000000B30300005F72656C732F2E72656C73504B01022D0014000600080000002100DE09FD2802010000D40300001A00000000000000000000000000D9060000786C2F5F72656C732F776F726B626F6F6B2E786D6C2E72656C73504B01022D00140006000800000021005A7C0CD06A010000890200000F000000000000000000000000001B090000786C2F776F726B626F6F6B2E786D6C504B01022D0014000600080000002100A574477C90060000A51B00001300000000000000000000000000B20A0000786C2F7468656D652F7468656D65312E786D6C504B01022D00140006000800000021003B6D324BC100000042010000230000000000000000000000000073110000786C2F776F726B7368656574732F5F72656C732F7368656574312E786D6C2E72656C73504B01022D001400060008000000210075A6CAC575010000A1020000180000000000000000000000000075120000786C2F776F726B7368656574732F7368656574322E786D6C504B01022D001400060008000000210075A6CAC575010000A1020000180000000000000000000000000020140000786C2F776F726B7368656574732F7368656574332E786D6C504B01022D00140006000800000021004A5AD2B2DC010000590300001800000000000000000000000000CB150000786C2F776F726B7368656574732F7368656574312E786D6C504B01022D00140006000800000021000F139546A6000000BE0000001400000000000000000000000000DD170000786C2F736861726564537472696E67732E786D6C504B01022D0014000600080000002100450A8F716F020000A20500000D00000000000000000000000000B5180000786C2F7374796C65732E786D6C504B01022D00140006000800000021007585F787A80100006A03000010000000000000000000000000004F1B0000646F6350726F70732F6170702E786D6C504B01022D001400060008000000210032B28C4B42000000DC00000027000000000000000000000000002D1E0000786C2F7072696E74657253657474696E67732F7072696E74657253657474696E6773312E62696E504B01022D0014000600080000002100390D771C3F010000510200001100000000000000000000000000B41E0000646F6350726F70732F636F72652E786D6C504B0506000000000E000E00B20300002A2100000000, 'PrivateTabelle.xlsx', 1, NULL, 4, NULL);
/*!40000 ALTER TABLE `artifact` ENABLE KEYS */;


-- Exportiere Struktur von Tabelle vsoteamroom.artifact_tags
DROP TABLE IF EXISTS `artifact_tags`;
CREATE TABLE IF NOT EXISTS `artifact_tags` (
  `artifact_id` bigint(20) NOT NULL,
  `tags_tagname` varchar(255) NOT NULL,
  KEY `FKjxob5b0q4n24m1xcnm3scv9y5` (`tags_tagname`),
  KEY `FKf7dtrrdh3fq4n750d22eefnek` (`artifact_id`),
  CONSTRAINT `FKf7dtrrdh3fq4n750d22eefnek` FOREIGN KEY (`artifact_id`) REFERENCES `artifact` (`id`),
  CONSTRAINT `FKjxob5b0q4n24m1xcnm3scv9y5` FOREIGN KEY (`tags_tagname`) REFERENCES `tag` (`tagname`)
) ENGINE=InnoDB DEFAULT CHARSET=utf8;

-- Exportiere Daten aus Tabelle vsoteamroom.artifact_tags: ~1 rows (ungefähr)
/*!40000 ALTER TABLE `artifact_tags` DISABLE KEYS */;
INSERT INTO `artifact_tags` (`artifact_id`, `tags_tagname`) VALUES
	(1, 'Superdokument'),
	(2, 'Demo');
/*!40000 ALTER TABLE `artifact_tags` ENABLE KEYS */;


-- Exportiere Struktur von Tabelle vsoteamroom.comment
DROP TABLE IF EXISTS `comment`;
CREATE TABLE IF NOT EXISTS `comment` (
  `id` bigint(20) NOT NULL AUTO_INCREMENT,
  `create_date` datetime DEFAULT NULL,
  `text` varchar(4000) DEFAULT NULL,
  `title` varchar(255) DEFAULT NULL,
  `created_by_username` varchar(255) DEFAULT NULL,
  `task_id` bigint(20) DEFAULT NULL,
  PRIMARY KEY (`id`),
  KEY `FK79iu566bk7htswdn4rf62ls1n` (`created_by_username`),
  KEY `FKfknte4fhjhet3l1802m1yqa50` (`task_id`),
  CONSTRAINT `FK79iu566bk7htswdn4rf62ls1n` FOREIGN KEY (`created_by_username`) REFERENCES `useraccount` (`username`),
  CONSTRAINT `FKfknte4fhjhet3l1802m1yqa50` FOREIGN KEY (`task_id`) REFERENCES `task` (`id`)
) ENGINE=InnoDB DEFAULT CHARSET=utf8;

-- Exportiere Daten aus Tabelle vsoteamroom.comment: ~0 rows (ungefähr)
/*!40000 ALTER TABLE `comment` DISABLE KEYS */;
/*!40000 ALTER TABLE `comment` ENABLE KEYS */;


-- Exportiere Struktur von Tabelle vsoteamroom.comment_artifacts
DROP TABLE IF EXISTS `comment_artifacts`;
CREATE TABLE IF NOT EXISTS `comment_artifacts` (
  `comment_id` bigint(20) NOT NULL,
  `artifacts_id` bigint(20) NOT NULL,
  UNIQUE KEY `UK_5s5rxcls623llwyto4hpyp2kl` (`artifacts_id`),
  KEY `FKiagqqom4rti3afqnpwhkar9fj` (`comment_id`),
  CONSTRAINT `FK2j0t7icg5c4ijw7240osb71me` FOREIGN KEY (`artifacts_id`) REFERENCES `artifact` (`id`),
  CONSTRAINT `FKiagqqom4rti3afqnpwhkar9fj` FOREIGN KEY (`comment_id`) REFERENCES `comment` (`id`)
) ENGINE=InnoDB DEFAULT CHARSET=utf8;

-- Exportiere Daten aus Tabelle vsoteamroom.comment_artifacts: ~0 rows (ungefähr)
/*!40000 ALTER TABLE `comment_artifacts` DISABLE KEYS */;
/*!40000 ALTER TABLE `comment_artifacts` ENABLE KEYS */;


-- Exportiere Struktur von Tabelle vsoteamroom.comment_tags
DROP TABLE IF EXISTS `comment_tags`;
CREATE TABLE IF NOT EXISTS `comment_tags` (
  `comment_id` bigint(20) NOT NULL,
  `tags_tagname` varchar(255) NOT NULL,
  KEY `FKteodpsfqmydm1apnvd7qt8vhd` (`tags_tagname`),
  KEY `FK22asyd3jh12rm922tob8r0ugr` (`comment_id`),
  CONSTRAINT `FK22asyd3jh12rm922tob8r0ugr` FOREIGN KEY (`comment_id`) REFERENCES `comment` (`id`),
  CONSTRAINT `FKteodpsfqmydm1apnvd7qt8vhd` FOREIGN KEY (`tags_tagname`) REFERENCES `tag` (`tagname`)
) ENGINE=InnoDB DEFAULT CHARSET=utf8;

-- Exportiere Daten aus Tabelle vsoteamroom.comment_tags: ~0 rows (ungefähr)
/*!40000 ALTER TABLE `comment_tags` DISABLE KEYS */;
/*!40000 ALTER TABLE `comment_tags` ENABLE KEYS */;


-- Exportiere Struktur von Tabelle vsoteamroom.folder
DROP TABLE IF EXISTS `folder`;
CREATE TABLE IF NOT EXISTS `folder` (
  `id` bigint(20) NOT NULL AUTO_INCREMENT,
  `folder_name` varchar(255) DEFAULT NULL,
  `parent_folder_id` bigint(20) DEFAULT NULL,
  PRIMARY KEY (`id`),
  KEY `FK57g7veis1gp5wn3g0mp0x57pl` (`parent_folder_id`),
  CONSTRAINT `FK57g7veis1gp5wn3g0mp0x57pl` FOREIGN KEY (`parent_folder_id`) REFERENCES `folder` (`id`)
) ENGINE=InnoDB AUTO_INCREMENT=5 DEFAULT CHARSET=utf8;

-- Exportiere Daten aus Tabelle vsoteamroom.folder: ~4 rows (ungefähr)
/*!40000 ALTER TABLE `folder` DISABLE KEYS */;
INSERT INTO `folder` (`id`, `folder_name`, `parent_folder_id`) VALUES
	(1, 'DEMO', NULL),
	(2, 'BEISPIEL', 1),
	(3, 'TEST', NULL),
	(4, 'PRIVAT', 3);
/*!40000 ALTER TABLE `folder` ENABLE KEYS */;


-- Exportiere Struktur von Tabelle vsoteamroom.projectteam
DROP TABLE IF EXISTS `projectteam`;
CREATE TABLE IF NOT EXISTS `projectteam` (
  `id` bigint(20) NOT NULL AUTO_INCREMENT,
  `teamname` varchar(255) DEFAULT NULL,
  PRIMARY KEY (`id`),
  UNIQUE KEY `UK_9lapw869fo5aq4u2hr564e2w0` (`teamname`)
) ENGINE=InnoDB AUTO_INCREMENT=2 DEFAULT CHARSET=utf8;

-- Exportiere Daten aus Tabelle vsoteamroom.projectteam: ~1 rows (ungefähr)
/*!40000 ALTER TABLE `projectteam` DISABLE KEYS */;
INSERT INTO `projectteam` (`id`, `teamname`) VALUES
	(1, 'PingPong');
/*!40000 ALTER TABLE `projectteam` ENABLE KEYS */;


-- Exportiere Struktur von Tabelle vsoteamroom.projectteam_members
DROP TABLE IF EXISTS `projectteam_members`;
CREATE TABLE IF NOT EXISTS `projectteam_members` (
  `teams_id` bigint(20) NOT NULL,
  `members_username` varchar(255) NOT NULL,
  KEY `FKby1lag6c4ptta9p7iv80i6eyf` (`members_username`),
  KEY `FKl6l7fxn932qc5l1lyoqaue7is` (`teams_id`),
  CONSTRAINT `FKby1lag6c4ptta9p7iv80i6eyf` FOREIGN KEY (`members_username`) REFERENCES `useraccount` (`username`),
  CONSTRAINT `FKl6l7fxn932qc5l1lyoqaue7is` FOREIGN KEY (`teams_id`) REFERENCES `projectteam` (`id`)
) ENGINE=InnoDB DEFAULT CHARSET=utf8;

-- Exportiere Daten aus Tabelle vsoteamroom.projectteam_members: ~6 rows (ungefähr)
/*!40000 ALTER TABLE `projectteam_members` DISABLE KEYS */;
INSERT INTO `projectteam_members` (`teams_id`, `members_username`) VALUES
	(1, 'alex'),
	(1, 'astrid'),
	(1, 'daniel'),
	(1, 'niklas'),
	(1, 'thomas'),
	(1, 'torsten');
/*!40000 ALTER TABLE `projectteam_members` ENABLE KEYS */;


-- Exportiere Struktur von Tabelle vsoteamroom.projectteam_projects
DROP TABLE IF EXISTS `projectteam_projects`;
CREATE TABLE IF NOT EXISTS `projectteam_projects` (
  `projectteam_id` bigint(20) NOT NULL,
  `projects_id` bigint(20) NOT NULL,
  UNIQUE KEY `UK_2570bhwhpcx6l2nhrvcod6if` (`projects_id`),
  KEY `FK51fe8do79b3lq53aw3optjgqs` (`projectteam_id`),
  CONSTRAINT `FK51fe8do79b3lq53aw3optjgqs` FOREIGN KEY (`projectteam_id`) REFERENCES `projectteam` (`id`),
  CONSTRAINT `FKeaqywafkfjt1mccf7afygp2j7` FOREIGN KEY (`projects_id`) REFERENCES `team_project` (`id`)
) ENGINE=InnoDB DEFAULT CHARSET=utf8;

-- Exportiere Daten aus Tabelle vsoteamroom.projectteam_projects: ~1 rows (ungefähr)
/*!40000 ALTER TABLE `projectteam_projects` DISABLE KEYS */;
INSERT INTO `projectteam_projects` (`projectteam_id`, `projects_id`) VALUES
	(1, 1);
/*!40000 ALTER TABLE `projectteam_projects` ENABLE KEYS */;


-- Exportiere Struktur von Tabelle vsoteamroom.project_definition
DROP TABLE IF EXISTS `project_definition`;
CREATE TABLE IF NOT EXISTS `project_definition` (
  `id` bigint(20) NOT NULL AUTO_INCREMENT,
  `description` varchar(4000) DEFAULT NULL,
  `end_date` datetime DEFAULT NULL,
  `project_name` varchar(255) DEFAULT NULL,
  `start_date` datetime DEFAULT NULL,
  `room_id` bigint(20) DEFAULT NULL,
  PRIMARY KEY (`id`),
  KEY `FKcy1m9qvf3ylpjawvxsbeu1yd1` (`room_id`),
  CONSTRAINT `FKcy1m9qvf3ylpjawvxsbeu1yd1` FOREIGN KEY (`room_id`) REFERENCES `teamroom` (`id`)
) ENGINE=InnoDB AUTO_INCREMENT=2 DEFAULT CHARSET=utf8;

-- Exportiere Daten aus Tabelle vsoteamroom.project_definition: ~1 rows (ungefähr)
/*!40000 ALTER TABLE `project_definition` DISABLE KEYS */;
INSERT INTO `project_definition` (`id`, `description`, `end_date`, `project_name`, `start_date`, `room_id`) VALUES
	(1, 'DemoProjekt', '2018-06-17 11:20:59', 'FST Projekt', '2017-04-17 11:21:25', 1);
/*!40000 ALTER TABLE `project_definition` ENABLE KEYS */;


-- Exportiere Struktur von Tabelle vsoteamroom.tag
DROP TABLE IF EXISTS `tag`;
CREATE TABLE IF NOT EXISTS `tag` (
  `tagname` varchar(255) NOT NULL,
  PRIMARY KEY (`tagname`)
) ENGINE=InnoDB DEFAULT CHARSET=utf8;

-- Exportiere Daten aus Tabelle vsoteamroom.tag: ~2 rows (ungefähr)
/*!40000 ALTER TABLE `tag` DISABLE KEYS */;
INSERT INTO `tag` (`tagname`) VALUES
	('Demo'),
	('Superdokument');
/*!40000 ALTER TABLE `tag` ENABLE KEYS */;


-- Exportiere Struktur von Tabelle vsoteamroom.task
DROP TABLE IF EXISTS `task`;
CREATE TABLE IF NOT EXISTS `task` (
  `id` bigint(20) NOT NULL AUTO_INCREMENT,
  `create_date` datetime DEFAULT NULL,
  `description` varchar(255) DEFAULT NULL,
  `end_date` datetime DEFAULT NULL,
  `estimation` double NOT NULL,
  `percentage_of_completion` int(11) NOT NULL,
  `priority` int(11) NOT NULL,
  `start_date` datetime DEFAULT NULL,
  `status` varchar(255) DEFAULT NULL,
  `tasktitle` varchar(255) DEFAULT NULL,
  `type` varchar(255) DEFAULT NULL,
  `update_date` datetime DEFAULT NULL,
  `assignee_username` varchar(255) DEFAULT NULL,
  `project_id` bigint(20) DEFAULT NULL,
  `reporter_username` varchar(255) DEFAULT NULL,
  PRIMARY KEY (`id`),
  KEY `FK4od16g76i9g19j9ykor62a3kx` (`assignee_username`),
  KEY `FKbdsvv4xnv366po4xdf0ot1djm` (`project_id`),
  KEY `FKbdvaw6bvjle9b4h32u0043x4l` (`reporter_username`),
  CONSTRAINT `FK4od16g76i9g19j9ykor62a3kx` FOREIGN KEY (`assignee_username`) REFERENCES `useraccount` (`username`),
  CONSTRAINT `FKbdsvv4xnv366po4xdf0ot1djm` FOREIGN KEY (`project_id`) REFERENCES `team_project` (`id`),
  CONSTRAINT `FKbdvaw6bvjle9b4h32u0043x4l` FOREIGN KEY (`reporter_username`) REFERENCES `useraccount` (`username`)
) ENGINE=InnoDB DEFAULT CHARSET=utf8;

-- Exportiere Daten aus Tabelle vsoteamroom.task: ~0 rows (ungefähr)
/*!40000 ALTER TABLE `task` DISABLE KEYS */;
/*!40000 ALTER TABLE `task` ENABLE KEYS */;


-- Exportiere Struktur von Tabelle vsoteamroom.task_artifacts
DROP TABLE IF EXISTS `task_artifacts`;
CREATE TABLE IF NOT EXISTS `task_artifacts` (
  `task_id` bigint(20) NOT NULL,
  `artifacts_id` bigint(20) NOT NULL,
  UNIQUE KEY `UK_bf3timjn60lpidoccsgb22ojp` (`artifacts_id`),
  KEY `FK3qp5dx21kklo0s026nadedds2` (`task_id`),
  CONSTRAINT `FK3qp5dx21kklo0s026nadedds2` FOREIGN KEY (`task_id`) REFERENCES `task` (`id`),
  CONSTRAINT `FKnms1bsthanlf4rxlm46q15bw7` FOREIGN KEY (`artifacts_id`) REFERENCES `artifact` (`id`)
) ENGINE=InnoDB DEFAULT CHARSET=utf8;

-- Exportiere Daten aus Tabelle vsoteamroom.task_artifacts: ~0 rows (ungefähr)
/*!40000 ALTER TABLE `task_artifacts` DISABLE KEYS */;
/*!40000 ALTER TABLE `task_artifacts` ENABLE KEYS */;


-- Exportiere Struktur von Tabelle vsoteamroom.teamroom
DROP TABLE IF EXISTS `teamroom`;
CREATE TABLE IF NOT EXISTS `teamroom` (
  `id` bigint(20) NOT NULL AUTO_INCREMENT,
  `roomname` varchar(255) DEFAULT NULL,
  PRIMARY KEY (`id`),
  UNIQUE KEY `UK_gfc6o0xxxqrcn0p9o8flpi4au` (`roomname`)
) ENGINE=InnoDB AUTO_INCREMENT=10 DEFAULT CHARSET=utf8;

-- Exportiere Daten aus Tabelle vsoteamroom.teamroom: ~4 rows (ungefähr)
/*!40000 ALTER TABLE `teamroom` DISABLE KEYS */;
INSERT INTO `teamroom` (`id`, `roomname`) VALUES
	(1, 'FST-Demo Teamroom');
/*!40000 ALTER TABLE `teamroom` ENABLE KEYS */;


-- Exportiere Struktur von Tabelle vsoteamroom.teamroom_users
DROP TABLE IF EXISTS `teamroom_users`;
CREATE TABLE IF NOT EXISTS `teamroom_users` (
  `rooms_id` bigint(20) NOT NULL,
  `users_username` varchar(255) NOT NULL,
  KEY `FKjeblcjdagmdbbjoml3dt7p4au` (`users_username`),
  KEY `FKa40ia4qrslnsgx6mu65fcbs82` (`rooms_id`),
  CONSTRAINT `FKa40ia4qrslnsgx6mu65fcbs82` FOREIGN KEY (`rooms_id`) REFERENCES `teamroom` (`id`),
  CONSTRAINT `FKjeblcjdagmdbbjoml3dt7p4au` FOREIGN KEY (`users_username`) REFERENCES `useraccount` (`username`)
) ENGINE=InnoDB DEFAULT CHARSET=utf8;

-- Exportiere Daten aus Tabelle vsoteamroom.teamroom_users: ~1 rows (ungefähr)
/*!40000 ALTER TABLE `teamroom_users` DISABLE KEYS */;
INSERT INTO `teamroom_users` (`rooms_id`, `users_username`) VALUES
	(1, 'daniel');
/*!40000 ALTER TABLE `teamroom_users` ENABLE KEYS */;


-- Exportiere Struktur von Tabelle vsoteamroom.team_project
DROP TABLE IF EXISTS `team_project`;
CREATE TABLE IF NOT EXISTS `team_project` (
  `id` bigint(20) NOT NULL AUTO_INCREMENT,
  `team_start_date` datetime DEFAULT NULL,
  `project_definition_id` bigint(20) DEFAULT NULL,
  `team_id` bigint(20) DEFAULT NULL,
  PRIMARY KEY (`id`),
  KEY `FK2rhe9bruka3s908410nbdchjb` (`project_definition_id`),
  KEY `FKl0q6031kl622d5ng2nnl1hpuk` (`team_id`),
  CONSTRAINT `FK2rhe9bruka3s908410nbdchjb` FOREIGN KEY (`project_definition_id`) REFERENCES `project_definition` (`id`),
  CONSTRAINT `FKl0q6031kl622d5ng2nnl1hpuk` FOREIGN KEY (`team_id`) REFERENCES `projectteam` (`id`)
) ENGINE=InnoDB AUTO_INCREMENT=2 DEFAULT CHARSET=utf8;

-- Exportiere Daten aus Tabelle vsoteamroom.team_project: ~1 rows (ungefähr)
/*!40000 ALTER TABLE `team_project` DISABLE KEYS */;
INSERT INTO `team_project` (`id`, `team_start_date`, `project_definition_id`, `team_id`) VALUES
	(1, '2017-04-17 11:24:42', 1, 1);
/*!40000 ALTER TABLE `team_project` ENABLE KEYS */;


-- Exportiere Struktur von Tabelle vsoteamroom.useraccount
DROP TABLE IF EXISTS `useraccount`;
CREATE TABLE IF NOT EXISTS `useraccount` (
  `username` varchar(255) NOT NULL,
  `active` bit(1) NOT NULL,
  `email` varchar(255) DEFAULT NULL,
  `expiration_date` datetime DEFAULT NULL,
  `name` varchar(255) DEFAULT NULL,
  `password` varchar(255) DEFAULT NULL,
  `phonenumber` varchar(255) DEFAULT NULL,
  `surname` varchar(255) DEFAULT NULL,
  `verification_date` datetime DEFAULT NULL,
  PRIMARY KEY (`username`)
) ENGINE=InnoDB DEFAULT CHARSET=utf8;

-- Exportiere Daten aus Tabelle vsoteamroom.useraccount: ~6 rows (ungefähr)
/*!40000 ALTER TABLE `useraccount` DISABLE KEYS */;
INSERT INTO `useraccount` (`username`, `active`, `email`, `expiration_date`, `name`, `password`, `phonenumber`, `surname`, `verification_date`) VALUES
	('alex', b'1', 'alex@vso-teamroom.de', '2020-06-22 21:04:53', 'Alexander', '03UdM/nNUEnErytGJzVFfk07rxMLy7h/OJ40n7rrILk=', '01234785775', 'Graf', '2017-06-22 21:05:00'),
	('astrid', b'1', 'astrid@vso-teamroom.de', '2020-06-22 21:02:45', 'Astrid', '03UdM/nNUEnErytGJzVFfk07rxMLy7h/OJ40n7rrILk=', '0123456789', 'Peternel', '2017-06-22 21:03:08'),
	('daniel', b'1', 'daniel@vso-teamroom.de', '2020-05-29 20:29:30', 'Daniel', '03UdM/nNUEnErytGJzVFfk07rxMLy7h/OJ40n7rrILk=', '015730847133', 'Pischniok', '2017-05-29 20:29:58'),
	('niklas', b'1', 'niklas@vso-teamroom.de', '2020-06-22 21:05:22', 'Niklas', '03UdM/nNUEnErytGJzVFfk07rxMLy7h/OJ40n7rrILk=', '0123487775', 'Funk', '2017-06-22 21:05:30'),
	('thomas', b'1', 'thomas@vso-teamroom.de', '2020-06-22 21:04:16', 'Thomas', '03UdM/nNUEnErytGJzVFfk07rxMLy7h/OJ40n7rrILk=', '0123457773', 'Wordenbeck', '2017-06-22 21:04:29'),
	('torsten', b'1', 'torsten@vso-teamroom.de', '2020-06-22 21:03:37', 'Torsten', '03UdM/nNUEnErytGJzVFfk07rxMLy7h/OJ40n7rrILk=', '0123457', 'Heuft', '2017-06-22 21:03:54');
/*!40000 ALTER TABLE `useraccount` ENABLE KEYS */;


-- Exportiere Struktur von Tabelle vsoteamroom.useraccount_roles
DROP TABLE IF EXISTS `useraccount_roles`;
CREATE TABLE IF NOT EXISTS `useraccount_roles` (
  `useraccount_username` varchar(255) NOT NULL,
  `roles_rolename` varchar(255) NOT NULL,
  KEY `FKh4akjav71r0q3j0mir9klsdw9` (`roles_rolename`),
  KEY `FKku51m7yelsa0abvuo6dk5i5k9` (`useraccount_username`),
  CONSTRAINT `FKh4akjav71r0q3j0mir9klsdw9` FOREIGN KEY (`roles_rolename`) REFERENCES `userrole` (`rolename`),
  CONSTRAINT `FKku51m7yelsa0abvuo6dk5i5k9` FOREIGN KEY (`useraccount_username`) REFERENCES `useraccount` (`username`)
) ENGINE=InnoDB DEFAULT CHARSET=utf8;

-- Exportiere Daten aus Tabelle vsoteamroom.useraccount_roles: ~6 rows (ungefähr)
/*!40000 ALTER TABLE `useraccount_roles` DISABLE KEYS */;
INSERT INTO `useraccount_roles` (`useraccount_username`, `roles_rolename`) VALUES
	('daniel', 'Admin'),
	('alex', 'Admin'),
	('astrid', 'Admin'),
	('niklas', 'Admin'),
	('thomas', 'Admin'),
	('torsten', 'Admin');
/*!40000 ALTER TABLE `useraccount_roles` ENABLE KEYS */;


-- Exportiere Struktur von Tabelle vsoteamroom.userrole
DROP TABLE IF EXISTS `userrole`;
CREATE TABLE IF NOT EXISTS `userrole` (
  `rolename` varchar(255) NOT NULL,
  PRIMARY KEY (`rolename`)
) ENGINE=InnoDB DEFAULT CHARSET=utf8;

-- Exportiere Daten aus Tabelle vsoteamroom.userrole: ~1 rows (ungefähr)
/*!40000 ALTER TABLE `userrole` DISABLE KEYS */;
INSERT INTO `userrole` (`rolename`) VALUES
	('Admin');
/*!40000 ALTER TABLE `userrole` ENABLE KEYS */;
/*!40101 SET SQL_MODE=IFNULL(@OLD_SQL_MODE, '') */;
/*!40014 SET FOREIGN_KEY_CHECKS=IF(@OLD_FOREIGN_KEY_CHECKS IS NULL, 1, @OLD_FOREIGN_KEY_CHECKS) */;
/*!40101 SET CHARACTER_SET_CLIENT=@OLD_CHARACTER_SET_CLIENT */;
